decimallatitude	decimallongitude
-15.65141	14.421835
-15.650284	15.19738
-8.104432	21.811045
-15.650284	15.19738
13.567411	33.567154
16.05763	35.554018
-33.118931	25.901098
-31.821282	28.343166
14.231955	36.176984
15.90465	38.463317
16.441815	38.154134
8.550206	39.2161
7.666649	45.083397
16.875933	37.596814
16.441815	38.154134
9.443111	40.850663
8.550206	39.2161
-15.650284	15.19738
-17.920665	21.157909
-16.933501	22.356994
-17.691866	25.295592
-20.434832	22.65843
-1.027187	30.685349
-1.528263	30.980531
-1.268646	30.785009
-2.093006	33.407874
-25.240742	28.057494
-25.240742	28.057494
-0.719803	29.629738
1.394389	35.797413
1.394389	35.797413
2.352588	36.673681
5.09631	33.381311
-0.33333	35.93333
1.740427	34.983041
0.602008	36.245672
0.182118	36.11631
2.576924	33.112261
2.576924	33.112261
2.576924	33.112261
1.394389	35.797413
5.09631	33.381311
5.09631	33.381311
2.576924	33.112261
2.576924	33.112261
0.602008	36.245672
11.958969	15.282824
9.995678	19.417569
9.161566	18.36349
8.027938	13.959678
9.42957	18.974668
11.045027	15.413327
9.202347	12.495598
-1.392926	37.000495
-3.463877	36.068113
-3.463877	36.068113
-3.376484	35.494403
-5.719144	34.067902
-1.533908	37.752016
-3.848447	35.551301
-4.083346	34.566667
-5.719144	34.067902
-3.743673	38.402695
-3.743673	38.402695
-3.743673	38.402695
-1.533908	37.752016
-1.546155	37.038211
-3.743673	38.402695
-2.159137	37.59209
-1.035307	37.075645
-1.163135	37.248614
-1.533908	37.752016
-3.400018	37.683339
-1.533908	37.752016
-1.116288	37.240274
-2.410754	37.967929
-2.220322	37.724321
-2.410754	37.967929
-2.410754	37.967929
-2.410754	37.967929
-2.410754	37.967929
-1.462688	35.102518
-1.462688	35.102518
-1.462688	35.102518
-1.462688	35.102518
-1.462688	35.102518
-1.462688	35.102518
0.04028	36.939022
-1.533908	37.752016
-3.202417	35.575428
-2.333966	34.833597
-5.719144	34.067902
0.04028	36.939022
-1.462688	35.102518
-3.743673	38.402695
-3.743673	38.402695
-3.743673	38.402695
-3.743673	38.402695
-1.533908	37.752016
-1.533908	37.752016
-3.399986	37.683342
-5.019648	32.826348
-2.410754	37.967929
-2.410754	37.967929
-0.491935	36.798346
-0.491935	36.798346
-0.491935	36.798346
-0.491935	36.798346
-0.491935	36.798346
-0.491935	36.798346
-2.556306	37.950555
-2.556306	37.950555
-2.556306	37.950555
-2.556306	37.950555
-2.556306	37.950555
-2.556306	37.950555
0.377139	36.788443
0.377139	36.788443
0.377139	36.788443
0.377139	36.788443
0.377139	36.788443
0.218129	37.470183
0.218129	37.470183
0.218129	37.470183
0.218129	37.470183
0.218129	37.470183
0.218129	37.470183
0.218129	37.470183
0.218129	37.470183
0.218129	37.470183
0.218129	37.470183
0.218129	37.470183
0.218129	37.470183
0.218129	37.470183
0.218129	37.470183
0.218129	37.470183
0.218129	37.470183
0.218129	37.470183
0.218129	37.470183
0.218129	37.470183
0.218129	37.470183
0.218129	37.470183
0.218129	37.470183
0.218129	37.470183
0.218129	37.470183
0.218129	37.470183
0.218129	37.470183
-0.434457	36.074319
-0.434457	36.074319
-0.434457	36.074319
-0.434457	36.074319
-0.434457	36.074319
-0.434457	36.074319
-0.434457	36.074319
-0.434457	36.074319
-0.434457	36.074319
-0.434457	36.074319
-0.434457	36.074319
-0.434457	36.074319
-1.462688	35.102518
-1.462688	35.102518
-1.462688	35.102518
-1.462688	35.102518
-1.462688	35.102518
-3.008004	38.213839
-3.008004	38.213839
-3.008004	38.213839
-3.008004	38.213839
-3.008004	38.213839
-3.008004	38.213839
-3.008004	38.213839
-3.008004	38.213839
-3.008004	38.213839
-3.008004	38.213839
-3.008004	38.213839
-3.008004	38.213839
-3.008004	38.213839
-3.008004	38.213839
-1.358423	36.845291
-1.358423	36.845291
-1.358423	36.845291
-1.358423	36.845291
-1.358423	36.845291
-1.358423	36.845291
-1.358423	36.845291
-1.358423	36.845291
-1.358423	36.845291
-1.358423	36.845291
-1.358423	36.845291
-1.358423	36.845291
-1.358423	36.845291
-1.358423	36.845291
-1.358423	36.845291
-1.358423	36.845291
-1.358423	36.845291
0.271873	36.94048
0.271873	36.94048
0.271873	36.94048
0.271873	36.94048
0.271873	36.94048
0.271873	36.94048
0.271873	36.94048
0.271873	36.94048
0.04028	36.939022
0.04028	36.939022
0.04028	36.939022
0.04028	36.939022
0.04028	36.939022
0.04028	36.939022
0.04028	36.939022
0.04028	36.939022
-0.254195	36.907023
-0.254195	36.907023
-0.254195	36.907023
-0.254195	36.907023
-0.254195	36.907023
-0.254195	36.907023
-0.254195	36.907023
-0.254195	36.907023
-0.254195	36.907023
-0.254195	36.907023
-0.254195	36.907023
-0.254195	36.907023
-0.254195	36.907023
-0.254195	36.907023
-0.254195	36.907023
-0.254195	36.907023
-0.254195	36.907023
-0.254195	36.907023
-0.254195	36.907023
-0.254195	36.907023
-0.254195	36.907023
-0.254195	36.907023
-0.254195	36.907023
-0.254195	36.907023
-2.195787	38.417522
-2.195787	38.417522
-2.195787	38.417522
-2.195787	38.417522
-2.195787	38.417522
0.04028	36.939022
0.04028	36.939022
-1.462688	35.102518
-1.462688	35.102518
-1.533908	37.752016
-3.50278	35.8333333
-5.534745	38.933211
-7.209781	33.977046
-2.035217	35.915443
-1.533908	37.752016
-2.994658	35.370589
-2.035217	35.915443
-1.153283	35.753731
-7.491215	36.526182
-3.360795	38.644868
-3.360795	38.644868
-1.533908	37.752016
0.182118	36.11631
0.04028	36.939022
0.04028	36.939022
0.04028	36.939022
0.04028	36.939022
-1.358423	36.845291
0.04028	36.939022
-1.462688	35.102518
-1.358423	36.845291
0.04028	36.939022
0.04028	36.939022
-1.358423	36.845291
0.04028	36.939022
0.04028	36.939022
0.04028	36.939022
0.04028	36.939022
0.04028	36.939022
-1.533908	37.752016
-1.559274	39.490544
-1.533908	37.752016
-3.743673	38.402695
-3.743673	38.402695
-1.533908	37.752016
-1.533908	37.752016
-3.50278	35.8333333
-3.50278	35.8333333
-0.410181	39.617388
-0.410181	39.617388
-2.410754	37.967929
-2.035217	35.915443
-4.904931	35.776702
-3.380215	35.844295
-4.904931	35.776702
-2.449554	38.666753
-2.396138	38.245469
-2.585145	38.348541
-1.035307	37.075645
-3.360795	38.644868
-1.371338	36.848878
-3.239992	37.779285
-1.533908	37.752016
-7.416484	36.975595
-5.719144	34.067902
-28.290976	31.882801
-28.290976	31.882801
-28.290976	31.882801
-28.290976	31.882801
-28.290976	31.882801
-28.290976	31.882801
-28.290976	31.882801
-28.290976	31.882801
-28.290976	31.882801
-28.290976	31.882801
-28.290976	31.882801
-27.634833	32.25031
-28.290976	31.882801
-28.290976	31.882801
-28.290976	31.882801
-28.290976	31.882801
-28.290976	31.882801
-28.290976	31.882801
-28.290976	31.882801
-28.290976	31.882801
-28.290976	31.882801
-28.290976	31.882801
-28.290976	31.882801
-28.290976	31.882801
-28.290976	31.882801
-28.290976	31.882801
-28.290976	31.882801
-28.290976	31.882801
-28.290976	31.882801
-28.290976	31.882801
-28.290976	31.882801
-28.290976	31.882801
-28.290976	31.882801
-28.290976	31.882801
-28.290976	31.882801
-28.290976	31.882801
-28.290976	31.882801
-28.290976	31.882801
-28.290976	31.882801
-28.290976	31.882801
-28.290976	31.882801
-28.290976	31.882801
-28.290976	31.882801
-28.290976	31.882801
-28.290976	31.882801
-28.290976	31.882801
-28.290976	31.882801
-28.290976	31.882801
-28.290976	31.882801
-28.290976	31.882801
-28.290976	31.882801
-28.290976	31.882801
-28.290976	31.882801
-28.290976	31.882801
-28.290976	31.882801
-28.290976	31.882801
-28.290976	31.882801
-28.290976	31.882801
-28.290976	31.882801
-28.290976	31.882801
-28.290976	31.882801
-28.290976	31.882801
-28.290976	31.882801
-28.290976	31.882801
-28.290976	31.882801
-28.290976	31.882801
-28.290976	31.882801
-28.290976	31.882801
-28.290976	31.882801
-28.290976	31.882801
-28.290976	31.882801
-28.290976	31.882801
-28.290976	31.882801
-27.998579	32.086809
-28.290976	31.882801
-28.290976	31.882801
-28.290976	31.882801
-28.290976	31.882801
-28.290976	31.882801
-28.290976	31.882801
-28.290976	31.882801
-28.290976	31.882801
-28.290976	31.882801
-13.110156	31.846747
-15.383004	35.333245
-13.099638	31.754465
-13.099638	31.754465
-17.066154	28.055669
-16.208916	36.967357
-15.8737	29.445026
-16.104229	29.487555
-15.8737	29.445026
-15.8737	29.445026
-15.8737	29.445026
-15.8737	29.445026
-15.8737	29.445026
-15.8737	29.445026
-16.104229	29.487555
-16.14941	30.100554
-15.8737	29.445026
-15.8737	29.445026
-15.8737	29.445026
-16.14941	30.100554
-15.8737	29.445026
-15.8737	29.445026
-16.14941	30.100554
-16.104229	29.487555
-16.104229	29.487555
-15.8737	29.445026
-15.8737	29.445026
-16.104229	29.487555
-15.8737	29.445026
-15.8737	29.445026
-16.937629	30.668717
-15.8737	29.445026
-15.8737	29.445026
-15.8737	29.445026
-15.8737	29.445026
-15.8737	29.445026
-15.8737	29.445026
-15.8737	29.445026
-15.8737	29.445026
-15.8737	29.445026
-15.8737	29.445026
-17.360543	27.767071
-15.8737	29.445026
-15.8737	29.445026
-15.8737	29.445026
-15.8737	29.445026
-15.8737	29.445026
-15.8737	29.445026
-15.8737	29.445026
-17.360543	27.767071
-15.8737	29.445026
-15.8737	29.445026
-15.8737	29.445026
-15.8737	29.445026
-15.8737	29.445026
-15.8737	29.445026
-15.8737	29.445026
-17.360543	27.767071
-15.8737	29.445026
-15.8737	29.445026
-15.8737	29.445026
-17.360543	27.767071
-15.8737	29.445026
-15.8737	29.445026
-15.8737	29.445026
-15.8737	29.445026
-15.8737	29.445026
-15.8737	29.445026
-15.8737	29.445026
-15.8737	29.445026
-15.8737	29.445026
-15.8737	29.445026
-15.8737	29.445026
-15.8737	29.445026
-15.8737	29.445026
-15.8737	29.445026
-15.8737	29.445026
-15.8737	29.445026
-15.8737	29.445026
-15.8737	29.445026
-15.8737	29.445026
-15.8737	29.445026
-15.8737	29.445026
-15.8737	29.445026
-15.8737	29.445026
-15.8737	29.445026
-15.8737	29.445026
-15.8737	29.445026
-15.8737	29.445026
-15.8737	29.445026
-15.8737	29.445026
-16.66327	28.560781
-15.8737	29.445026
-15.8737	29.445026
-15.8737	29.445026
-15.8737	29.445026
-15.8737	29.445026
-15.8737	29.445026
-15.8737	29.445026
-15.8737	29.445026
-15.8737	29.445026
-15.8737	29.445026
-15.8737	29.445026
-15.8737	29.445026
-15.8737	29.445026
-15.8737	29.445026
-15.8737	29.445026
-15.8737	29.445026
-15.8737	29.445026
-15.8737	29.445026
-15.8737	29.445026
-15.8737	29.445026
-15.8737	29.445026
-15.8737	29.445026
-15.8737	29.445026
-15.8737	29.445026
-15.8737	29.445026
-15.8737	29.445026
-15.8737	29.445026
-15.8737	29.445026
-15.8737	29.445026
-15.8737	29.445026
-15.8737	29.445026
-15.8737	29.445026
-15.8737	29.445026
-15.8737	29.445026
-15.8737	29.445026
-15.8737	29.445026
-15.8737	29.445026
-15.8737	29.445026
-15.8737	29.445026
-15.8737	29.445026
-15.8737	29.445026
-15.8737	29.445026
-15.8737	29.445026
-15.8737	29.445026
-15.8737	29.445026
-15.8737	29.445026
-15.8737	29.445026
-15.8737	29.445026
-15.8737	29.445026
-15.8737	29.445026
-15.8737	29.445026
-15.8737	29.445026
-15.8737	29.445026
-15.8737	29.445026
-15.8737	29.445026
-15.8737	29.445026
-15.8737	29.445026
-15.8737	29.445026
-15.8737	29.445026
-15.8737	29.445026
-15.8737	29.445026
-15.8737	29.445026
-15.8737	29.445026
-15.8737	29.445026
-15.8737	29.445026
-15.8737	29.445026
-15.8737	29.445026
-15.8737	29.445026
-15.8737	29.445026
-15.8737	29.445026
-15.8737	29.445026
-15.8737	29.445026
-15.8737	29.445026
-15.8737	29.445026
-15.8737	29.445026
-15.8737	29.445026
-15.8737	29.445026
-15.8737	29.445026
-15.8737	29.445026
-15.8737	29.445026
-15.8737	29.445026
-15.8737	29.445026
-15.8737	29.445026
-15.8737	29.445026
-15.8737	29.445026
-15.8737	29.445026
-15.8737	29.445026
-15.8737	29.445026
-15.8737	29.445026
-15.8737	29.445026
-15.8737	29.445026
-15.8737	29.445026
-15.8737	29.445026
-15.8737	29.445026
-15.8737	29.445026
-15.8737	29.445026
-15.8737	29.445026
-15.8737	29.445026
-15.8737	29.445026
-15.8737	29.445026
-15.8737	29.445026
-15.8737	29.445026
-15.8737	29.445026
-15.8737	29.445026
-12.305831	32.146961
-16.818894	28.370138
-13.233525	32.704431
-16.818894	28.370138
-12.916522	31.914049
-8.686473	27.658665
-13.099638	31.754465
-9.73564	27.425995
-15.275833	35.112778
-17.360543	27.767071
-15.8737	29.445026
-15.8737	29.445026
-15.8737	29.445026
-16.937629	30.668717
-16.036203	28.871915
-17.360543	27.767071
-17.360543	27.767071
-17.360543	27.767071
-17.360543	27.767071
-17.360543	27.767071
-17.360543	27.767071
-17.360543	27.767071
-15.8737	29.445026
-15.8737	29.445026
-15.8737	29.445026
-15.8737	29.445026
-15.8737	29.445026
-16.66327	28.560781
-16.12108	29.168341
-15.8737	29.445026
-17.911298	29.258164
-17.302138	29.973184
-15.8737	29.445026
-15.8737	29.445026
-19.559784	13.870456
-20.006629	15.007732
-20.006629	15.007732
-20.006629	15.007732
-20.006629	15.007732
-20.006629	15.007732
-20.006629	15.007732
-20.006629	15.007732
-20.006629	15.007732
-20.006629	15.007732
-20.006629	15.007732
-20.006629	15.007732
-20.006629	15.007732
-20.006629	15.007732
-20.006629	15.007732
-20.006629	15.007732
-20.006629	15.007732
-20.006629	15.007732
-20.006629	15.007732
-20.006629	15.007732
-20.006629	15.007732
-20.006629	15.007732
-20.006629	15.007732
-20.006629	15.007732
-20.006629	15.007732
-19.559784	13.870456
-19.559784	13.870456
-19.559784	13.870456
-19.559784	13.870456
-19.559784	13.870456
-20.006629	15.007732
-20.006629	15.007732
-20.006629	15.007732
-20.006629	15.007732
-20.006629	15.007732
-20.006629	15.007732
-20.006629	15.007732
-20.006629	15.007732
0.349398	37.579135
1.059497	39.361459
0.262685	37.866432
1.059497	39.361459
0.262685	37.866432
-10.944473	39.605171
8.79291	45.482528
6.894558	46.778982
6.894558	46.778982
1.6944	42.623745
8.79291	45.482528
6.894558	46.778982
-1.533908	37.752016
-1.533908	37.752016
