gbifid	datasetkey	occurrenceid	kingdom	phylum	class	order	family	genus	species	infraspecificepithet	taxonrank	scientificname	verbatimscientificname	verbatimscientificnameauthorship	countrycode	locality	stateprovince	occurrencestatus	individualcount	publishingorgkey	decimallatitude	decimallongitude	coordinateuncertaintyinmeters	coordinateprecision	elevation	elevationaccuracy	depth	depthaccuracy	eventdate	day	month	year	taxonkey	specieskey	basisofrecord	institutioncode	collectioncode	catalognumber	recordnumber	identifiedby	dateidentified	license	rightsholder	recordedby	typestatus	establishmentmeans	lastinterpreted	mediatype	issue	dataset_name	datasetDOI
1	2.96218678054779e-314	80f94317-a61f-477f-af06-037632ad6e3b	https://data.biodiversitydata.nl/xeno-canto/observation/XC960475	Animalia	Chordata	Mammalia	Primates	Cercopithecidae	Nasalis	Nasalis larvatus	NA	SPECIES	Nasalis larvatus (van Wurmb, 1787)	Nasalis larvatus		MY	Kinabatangan District (near  Kinabatangan), Bahagian Sandakan, Sabah		PRESENT	NA	1f00d75c-f6fc-4224-a595-975e82d7689c	5.4888	118.2711	NA	NA	NA	NA	NA	NA	2013-10-15	15	10	2013	2436525	2436525	HUMAN_OBSERVATION		Wildlife sounds - Land mammals	XC960475	NA		NA	CC_BY_NC_4_0	Simon Elliott	Simon Elliott	NA	NA	2026-10-05 01:13:52.679		CONTINENT_DERIVED_FROM_COORDINATES	Xeno-canto - Land mammal sounds from around the world	10.15468/b7k9t4
2	2.96218651671673e-314	80f94317-a61f-477f-af06-037632ad6e3b	https://data.biodiversitydata.nl/xeno-canto/observation/XC960531	Animalia	Chordata	Mammalia	Primates	Cercopithecidae	Nasalis	Nasalis larvatus	NA	SPECIES	Nasalis larvatus (van Wurmb, 1787)	Nasalis larvatus		MY	Kinabatangan District (near  Kinabatangan), Bahagian Sandakan, Sabah		PRESENT	NA	1f00d75c-f6fc-4224-a595-975e82d7689c	5.415	118.0361	NA	NA	NA	NA	NA	NA	2022-05-24	24	5	2022	2436525	2436525	HUMAN_OBSERVATION		Wildlife sounds - Land mammals	XC960531	NA		NA	CC_BY_NC_4_0	GABRIEL LEITE	GABRIEL LEITE	NA	NA	2026-10-05 01:13:45.821		CONTINENT_DERIVED_FROM_COORDINATES	Xeno-canto - Land mammal sounds from around the world	10.15468/b7k9t4
3	2.96218623411118e-314	80f94317-a61f-477f-af06-037632ad6e3b	https://data.biodiversitydata.nl/xeno-canto/observation/XC959735	Animalia	Chordata	Mammalia	Primates	Cercopithecidae	Nasalis	Nasalis larvatus	NA	SPECIES	Nasalis larvatus (van Wurmb, 1787)	Nasalis larvatus		MY	Kinabatangan floodplain		PRESENT	NA	1f00d75c-f6fc-4224-a595-975e82d7689c	5.4582	118.2519	NA	NA	NA	NA	NA	NA	2023-08-15	15	8	2023	2436525	2436525	HUMAN_OBSERVATION		Wildlife sounds - Land mammals	XC959735	NA		NA	CC_BY_NC_4_0	Daan Drukker	Daan Drukker	NA	NA	2026-10-05 01:13:35.701		CONTINENT_DERIVED_FROM_COORDINATES	Xeno-canto - Land mammal sounds from around the world	10.15468/b7k9t4
4	2.86302617550488e-314	6ac3f774-d9fb-4796-b3e9-92bf6c81c084		Animalia	Chordata	Mammalia	Primates	Cercopithecidae	Nasalis	Nasalis larvatus	NA	SPECIES	Nasalis larvatus (van Wurmb, 1787)	Nasalis larvatus		MY	Kinabatangan River, Sabah; Borneo		PRESENT	NA	bb646dff-a905-4403-a49b-6d378c2cf0d9	5.485974	118.215042	250	NA	NA	NA	NA	NA	2025-08-22T00:00	22	8	2025	2436525	2436525	HUMAN_OBSERVATION	NABU|naturgucker	NABU|naturgucker	-895152290	NA		NA	CC_BY_4_0		323595770	NA	NA	2026-10-06 14:20:44.029	StillImage	COORDINATE_ROUNDED;GEODETIC_DATUM_ASSUMED_WGS84;CONTINENT_DERIVED_FROM_COORDINATES	NABU|naturgucker	10.15468/uc1apo
5	2.48401256055503e-314	6ac3f774-d9fb-4796-b3e9-92bf6c81c084		Animalia	Chordata	Mammalia	Primates	Cercopithecidae	Nasalis	Nasalis larvatus	NA	SPECIES	Nasalis larvatus (van Wurmb, 1787)	Nasalis larvatus		MY	Bako Nationalpark in Sarawak, Borneo		PRESENT	NA	bb646dff-a905-4403-a49b-6d378c2cf0d9	1.717999	110.454147	250	NA	NA	NA	NA	NA	2020-01-18T00:00	18	1	2020	2436525	2436525	HUMAN_OBSERVATION	NABU|naturgucker	NABU|naturgucker	-719973906	NA		NA	CC_BY_4_0		1597687675	NA	NA	2026-10-06 14:19:12.148	StillImage	COORDINATE_ROUNDED;GEODETIC_DATUM_ASSUMED_WGS84;CONTINENT_DERIVED_FROM_COORDINATES	NABU|naturgucker	10.15468/uc1apo
6	2.48351173954961e-314	6ac3f774-d9fb-4796-b3e9-92bf6c81c084		Animalia	Chordata	Mammalia	Primates	Cercopithecidae	Nasalis	Nasalis larvatus	NA	SPECIES	Nasalis larvatus (van Wurmb, 1787)	Nasalis larvatus		MY	Kinabatangan River, Sabah; Borneo		PRESENT	NA	bb646dff-a905-4403-a49b-6d378c2cf0d9	5.475567	118.245094	25	NA	NA	NA	NA	NA	2017-04-06T00:00	6	4	2017	2436525	2436525	HUMAN_OBSERVATION	NABU|naturgucker	NABU|naturgucker	-392130211	NA		NA	CC_BY_4_0		-364923314	NA	NA	2026-10-06 14:17:14.647	StillImage	COORDINATE_ROUNDED;GEODETIC_DATUM_ASSUMED_WGS84;CONTINENT_DERIVED_FROM_COORDINATES	NABU|naturgucker	10.15468/uc1apo
7	2.48273622150357e-314	6ac3f774-d9fb-4796-b3e9-92bf6c81c084		Animalia	Chordata	Mammalia	Primates	Cercopithecidae	Nasalis	Nasalis larvatus	NA	SPECIES	Nasalis larvatus (van Wurmb, 1787)	Nasalis larvatus		ID	KUMAI BAY, Mündungsgebiet des Kumai-River, Central Kalimantan		PRESENT	NA	bb646dff-a905-4403-a49b-6d378c2cf0d9	-2.919168	111.699287	250	NA	NA	NA	NA	NA	2015-08-16T00:00	16	8	2015	2436525	2436525	HUMAN_OBSERVATION	NABU|naturgucker	NABU|naturgucker	-96969126	NA		NA	CC_BY_4_0		823590250	NA	NA	2026-10-06 14:19:28.882	StillImage	COORDINATE_ROUNDED;GEODETIC_DATUM_ASSUMED_WGS84;CONTINENT_DERIVED_FROM_COORDINATES	NABU|naturgucker	10.15468/uc1apo
8	2.48249132255017e-314	6ac3f774-d9fb-4796-b3e9-92bf6c81c084		Animalia	Chordata	Mammalia	Primates	Cercopithecidae	Nasalis	Nasalis larvatus	NA	SPECIES	Nasalis larvatus (van Wurmb, 1787)	Nasalis larvatus		MY	Abai Jungle Lodge und Umgebung / MY		PRESENT	NA	bb646dff-a905-4403-a49b-6d378c2cf0d9	5.678295	118.38324	250	NA	NA	NA	NA	NA	2015-04-20T00:00	20	4	2015	2436525	2436525	HUMAN_OBSERVATION	NABU|naturgucker	NABU|naturgucker	-1873054466	NA		NA	CC_BY_4_0		1963945989	NA	NA	2026-10-06 14:17:02.99	StillImage	COORDINATE_ROUNDED;GEODETIC_DATUM_ASSUMED_WGS84;CONTINENT_DERIVED_FROM_COORDINATES	NABU|naturgucker	10.15468/uc1apo
9	2.48174212288701e-314	6ac3f774-d9fb-4796-b3e9-92bf6c81c084		Animalia	Chordata	Mammalia	Primates	Cercopithecidae	Nasalis	Nasalis larvatus	NA	SPECIES	Nasalis larvatus (van Wurmb, 1787)	Nasalis larvatus		ID	CAMP LEAKEY, Tanjung Puting NP, Central Kalimantan		PRESENT	NA	bb646dff-a905-4403-a49b-6d378c2cf0d9	-2.756644	111.945518	250	NA	NA	NA	NA	NA	1993-07-04T00:00	4	7	1993	2436525	2436525	HUMAN_OBSERVATION	NABU|naturgucker	NABU|naturgucker	-1077957448	NA		NA	CC_BY_4_0		-640879862	NA	NA	2026-10-06 14:17:08.36	StillImage	COORDINATE_ROUNDED;GEODETIC_DATUM_ASSUMED_WGS84;CONTINENT_DERIVED_FROM_COORDINATES	NABU|naturgucker	10.15468/uc1apo
10	2.48141465469475e-314	6ac3f774-d9fb-4796-b3e9-92bf6c81c084		Animalia	Chordata	Mammalia	Primates	Cercopithecidae	Nasalis	Nasalis larvatus	NA	SPECIES	Nasalis larvatus (van Wurmb, 1787)	Nasalis larvatus		MY	Santubong und Umgebung		PRESENT	NA	bb646dff-a905-4403-a49b-6d378c2cf0d9	1.750416	110.314346	250	NA	NA	NA	NA	NA	2015-04-07T00:00	7	4	2015	2436525	2436525	HUMAN_OBSERVATION	NABU|naturgucker	NABU|naturgucker	1655684680	NA		NA	CC_BY_4_0		1963945989	NA	NA	2026-10-06 14:19:13.202	StillImage	COORDINATE_ROUNDED;GEODETIC_DATUM_ASSUMED_WGS84;CONTINENT_DERIVED_FROM_COORDINATES	NABU|naturgucker	10.15468/uc1apo
11	1.93325693516806e-314	9ae18c0d-418e-4be3-be77-2818afe61675	wildlifelabugm:animal:occ:204	Animalia	Chordata	Mammalia	Primates	Cercopithecidae	Nasalis	Nasalis larvatus	NA	SPECIES	Nasalis larvatus (van Wurmb, 1787)	Nasalis larvatus (van Wurmb, 1787)	van Wurmb, 1787	ID	Kembang Island	South Kalimantan	PRESENT	NA	18935ef6-83f1-4f1e-a0db-85e1ecbe223a	-3.305068	114.560648	NA	NA	NA	NA	NA	NA	2011	NA	NA	2011	2436525	2436525	MATERIAL_CITATION				NA		NA	CC_BY_4_0		Nikmat Hakim Pasaribu;Erny Poedjirahajoe	NA	NA	2026-09-01 21:41:30.819		COORDINATE_ROUNDED;INSTITUTION_MATCH_NONE;TAXON_ID_NOT_FOUND	Biodiversity of Kalimantan, Indonesia	10.15468/ys6e4b
12	1.93325689910126e-314	9ae18c0d-418e-4be3-be77-2818afe61675	wildlifelabugm:animal:occ:186	Animalia	Chordata	Mammalia	Primates	Cercopithecidae	Nasalis	Nasalis larvatus	NA	SPECIES	Nasalis larvatus (van Wurmb, 1787)	Nasalis larvatus (van Wurmb, 1787)	van Wurmb, 1787	ID	Teluk Adang Nature Reserve	East Kalimantan	PRESENT	NA	18935ef6-83f1-4f1e-a0db-85e1ecbe223a	-1.713212	116.339257	NA	NA	NA	NA	NA	NA	2012	NA	NA	2012	2436525	2436525	MATERIAL_CITATION				NA		NA	CC_BY_4_0		Hardani;Satyawan Pudyatmoko	NA	NA	2026-09-01 21:41:30.706		COORDINATE_ROUNDED;INSTITUTION_MATCH_NONE;TAXON_ID_NOT_FOUND	Biodiversity of Kalimantan, Indonesia	10.15468/ys6e4b
13	1.93325680127627e-314	9ae18c0d-418e-4be3-be77-2818afe61675	wildlifelabugm:animal:occ:18	Animalia	Chordata	Mammalia	Primates	Cercopithecidae	Nasalis	Nasalis larvatus	NA	SPECIES	Nasalis larvatus (van Wurmb, 1787)	Nasalis larvatus (van Wurmb, 1787)	van Wurmb, 1787	ID	Sungai Sebuku swamp forest	East Kalimantan	PRESENT	NA	18935ef6-83f1-4f1e-a0db-85e1ecbe223a	4.060992	117.479712	NA	NA	NA	NA	NA	NA	1993	NA	NA	1993	2436525	2436525	MATERIAL_CITATION				NA		NA	CC_BY_4_0		Asep Rahmat Sudrajat;Chafid Fandeli;Djuwantoko	NA	NA	2026-09-01 21:41:30.346		COORDINATE_ROUNDED;INSTITUTION_MATCH_NONE;TAXON_ID_NOT_FOUND	Biodiversity of Kalimantan, Indonesia	10.15468/ys6e4b
14	1.93325679633561e-314	9ae18c0d-418e-4be3-be77-2818afe61675	wildlifelabugm:animal:occ:14	Animalia	Chordata	Mammalia	Primates	Cercopithecidae	Nasalis	Nasalis larvatus	NA	SPECIES	Nasalis larvatus (van Wurmb, 1787)	Nasalis larvatus (van Wurmb, 1787)	van Wurmb, 1787	ID	Gunung Palung National Park	West Kalimantan	PRESENT	NA	18935ef6-83f1-4f1e-a0db-85e1ecbe223a	-0.869292	109.971878	NA	NA	NA	NA	NA	NA	1999	NA	NA	1999	2436525	2436525	MATERIAL_CITATION				NA		NA	CC_BY_4_0		Bambang Rubminto;Djuwantoko	NA	NA	2026-09-01 21:41:30.093		COORDINATE_ROUNDED;INSTITUTION_MATCH_NONE;TAXON_ID_NOT_FOUND	Biodiversity of Kalimantan, Indonesia	10.15468/ys6e4b
15	1.65600369819546e-314	d8cd16ba-bb74-4420-821e-083f2bac17c2	JMHX01000000	Animalia	Chordata	Mammalia	Primates	Cercopithecidae	Nasalis	Nasalis larvatus	NA	SPECIES	Nasalis larvatus (van Wurmb, 1787)	Nasalis larvatus		MY	Sarawak		PRESENT	NA	ada9d123-ddb4-467d-8891-806ea8d94230	1.7157	110.4666	NA	NA	NA	NA	NA	NA	2011-08-17	17	8	2011	2436525	2436525	MATERIAL_SAMPLE				NA		NA	CC_BY_4_0			NA	NA	2026-09-26 12:14:27.582		GEODETIC_DATUM_ASSUMED_WGS84;CONTINENT_DERIVED_FROM_COORDINATES;TAXON_CONCEPT_ID_NOT_FOUND	INSDC Sequences	10.15468/sbmztx
16	1.65590950309788e-314	d8cd16ba-bb74-4420-821e-083f2bac17c2	MH251927	Animalia	Chordata	Mammalia	Primates	Cercopithecidae	Nasalis	Nasalis larvatus	NA	SPECIES	Nasalis larvatus (van Wurmb, 1787)	Nasalis larvatus		MY			PRESENT	NA	ada9d123-ddb4-467d-8891-806ea8d94230	1.72	109.78	NA	NA	NA	NA	NA	NA	2014	NA	NA	2014	2436525	2436525	PRESERVED_SPECIMEN			SWS030	NA		NA	CC_BY_4_0		Mazlan, N.	NA	NA	2026-09-26 12:14:25.929		GEODETIC_DATUM_ASSUMED_WGS84;CONTINENT_DERIVED_FROM_COORDINATES;TAXON_CONCEPT_ID_NOT_FOUND;TAXON_ID_NOT_FOUND	INSDC Sequences	10.15468/sbmztx
17	1.65590448931971e-314	d8cd16ba-bb74-4420-821e-083f2bac17c2	MH257307	Animalia	Chordata	Mammalia	Primates	Cercopithecidae	Nasalis	Nasalis larvatus	NA	SPECIES	Nasalis larvatus (van Wurmb, 1787)	Nasalis larvatus		MY			PRESENT	NA	ada9d123-ddb4-467d-8891-806ea8d94230	5.34	115.42	NA	NA	NA	NA	NA	NA	2013	NA	NA	2013	2436525	2436525	PRESERVED_SPECIMEN			KLS007	NA		NA	CC_BY_4_0		Jefrine, R.R.J.	NA	NA	2026-09-26 12:16:09.027		GEODETIC_DATUM_ASSUMED_WGS84;CONTINENT_DERIVED_FROM_COORDINATES;TAXON_CONCEPT_ID_NOT_FOUND;TAXON_ID_NOT_FOUND	INSDC Sequences	10.15468/sbmztx
18	1.6558911362075e-314	d8cd16ba-bb74-4420-821e-083f2bac17c2	MH257297	Animalia	Chordata	Mammalia	Primates	Cercopithecidae	Nasalis	Nasalis larvatus	NA	SPECIES	Nasalis larvatus (van Wurmb, 1787)	Nasalis larvatus		MY			PRESENT	NA	ada9d123-ddb4-467d-8891-806ea8d94230	5.92	117.81	NA	NA	NA	NA	NA	NA	2013	NA	NA	2013	2436525	2436525	PRESERVED_SPECIMEN			LB007	NA		NA	CC_BY_4_0		Jefrine, R.R.J.	NA	NA	2026-09-26 12:14:25.733		GEODETIC_DATUM_ASSUMED_WGS84;CONTINENT_DERIVED_FROM_COORDINATES;TAXON_ID_NOT_FOUND;TAXON_CONCEPT_ID_NOT_FOUND	INSDC Sequences	10.15468/sbmztx
19	1.65589069648907e-314	d8cd16ba-bb74-4420-821e-083f2bac17c2	MH251924	Animalia	Chordata	Mammalia	Primates	Cercopithecidae	Nasalis	Nasalis larvatus	NA	SPECIES	Nasalis larvatus (van Wurmb, 1787)	Nasalis larvatus		MY			PRESENT	NA	ada9d123-ddb4-467d-8891-806ea8d94230	1.72	110.47	NA	NA	NA	NA	NA	NA	2013	NA	NA	2013	2436525	2436525	PRESERVED_SPECIMEN			BNP057	NA		NA	CC_BY_4_0		Licia, H.	NA	NA	2026-09-26 12:14:31.038		GEODETIC_DATUM_ASSUMED_WGS84;CONTINENT_DERIVED_FROM_COORDINATES;TAXON_ID_NOT_FOUND;TAXON_CONCEPT_ID_NOT_FOUND	INSDC Sequences	10.15468/sbmztx
20	1.65588770146313e-314	d8cd16ba-bb74-4420-821e-083f2bac17c2	MH257294	Animalia	Chordata	Mammalia	Primates	Cercopithecidae	Nasalis	Nasalis larvatus	NA	SPECIES	Nasalis larvatus (van Wurmb, 1787)	Nasalis larvatus		MY			PRESENT	NA	ada9d123-ddb4-467d-8891-806ea8d94230	5.53	118.3	NA	NA	NA	NA	NA	NA	2013	NA	NA	2013	2436525	2436525	PRESERVED_SPECIMEN			SK013	NA		NA	CC_BY_4_0		Jefrine, R.R.J.	NA	NA	2026-09-26 12:16:08.105		GEODETIC_DATUM_ASSUMED_WGS84;CONTINENT_DERIVED_FROM_COORDINATES;TAXON_CONCEPT_ID_NOT_FOUND;TAXON_ID_NOT_FOUND	INSDC Sequences	10.15468/sbmztx
21	1.65588767923017e-314	d8cd16ba-bb74-4420-821e-083f2bac17c2	MH251939	Animalia	Chordata	Mammalia	Primates	Cercopithecidae	Nasalis	Nasalis larvatus	NA	SPECIES	Nasalis larvatus (van Wurmb, 1787)	Nasalis larvatus		MY			PRESENT	NA	ada9d123-ddb4-467d-8891-806ea8d94230	1.53	111.14	NA	NA	NA	NA	NA	NA	2014	NA	NA	2014	2436525	2436525	PRESERVED_SPECIMEN			MALUDAM1	NA		NA	CC_BY_4_0		Licia, H.	NA	NA	2026-09-26 12:14:30.869		GEODETIC_DATUM_ASSUMED_WGS84;CONTINENT_DERIVED_FROM_COORDINATES;TAXON_ID_NOT_FOUND;TAXON_CONCEPT_ID_NOT_FOUND	INSDC Sequences	10.15468/sbmztx
22	1.65462765570853e-314	d8cd16ba-bb74-4420-821e-083f2bac17c2	MH251941	Animalia	Chordata	Mammalia	Primates	Cercopithecidae	Nasalis	Nasalis larvatus	NA	SPECIES	Nasalis larvatus (van Wurmb, 1787)	Nasalis larvatus		MY			PRESENT	NA	ada9d123-ddb4-467d-8891-806ea8d94230	1.69	110.25	NA	NA	NA	NA	NA	NA	2014	NA	NA	2014	2436525	2436525	PRESERVED_SPECIMEN			KWP001	NA		NA	CC_BY_4_0		Licia, H.	NA	NA	2026-09-26 12:14:00.028		GEODETIC_DATUM_ASSUMED_WGS84;CONTINENT_DERIVED_FROM_COORDINATES;TAXON_ID_NOT_FOUND;TAXON_CONCEPT_ID_NOT_FOUND	INSDC Sequences	10.15468/sbmztx
23	6.5196944027912e-315	821cc27a-e3bb-4bc5-ac34-89ada245069d	http://n2t.net/ark:/65665/36a156692-fd7a-4d05-9102-398b531c04e7	Animalia	Chordata	Mammalia	Primates	Cercopithecidae	Nasalis	Nasalis larvatus	NA	SPECIES	Nasalis larvatus (van Wurmb, 1787)	Nasalis larvatus		ID	Tamban Luar	Kalimantan Tengah	PRESENT	1	bc092ff0-02e4-11dc-991f-b8a03c50a862	-3.22	114.37	NA	NA	NA	NA	NA	NA	1971-02-09	9	2	1971	2436525	2436525	PRESERVED_SPECIMEN	USNM	MAMM	USNM 521841	1321		NA	CC0_1_0			NA	NA	2026-10-02 10:54:27.5	StillImage	GEODETIC_DATUM_ASSUMED_WGS84;OCCURRENCE_STATUS_INFERRED_FROM_INDIVIDUAL_COUNT	NMNH Extant Specimen Records (USNM, US)	10.15468/hnhrg3
